{"cameraMode":{"drawMode":0,"name":"Shaded","section":"Shading Mode"},"sceneLighting":true,"audioPlay":false,"sceneViewState":{"showFog":true,"showMaterialUpdate":true,"showSkybox":true,"showFlares":true,"showImageEffects":true,"showParticleSystems":true},"in2DMode":false,"pivot":{"x":-6.301257133483887,"y":-66.7414779663086,"z":103.6936264038086},"rotation":{"x":0.2942289412021637,"y":-0.031832534819841388,"z":0.00980618316680193,"w":0.9551544189453125},"size":128.87643432617188,"orthographic":false}