{"cameraMode":{"drawMode":0,"name":"Shaded","section":"Shading Mode"},"sceneLighting":true,"audioPlay":false,"sceneViewState":{"showFog":true,"showMaterialUpdate":true,"showSkybox":true,"showFlares":true,"showImageEffects":true,"showParticleSystems":true},"in2DMode":false,"pivot":{"x":-7.681583881378174,"y":-4.136562347412109,"z":1.2720303535461426},"rotation":{"x":0.26205751299858096,"y":-0.6610499024391174,"z":0.266208291053772,"w":0.6507473587989807},"size":10.4518404006958,"orthographic":false}