{"cameraMode":{"drawMode":0,"name":"Shaded","section":"Shading Mode"},"sceneLighting":true,"audioPlay":false,"sceneViewState":{"showFog":true,"showMaterialUpdate":true,"showSkybox":true,"showFlares":true,"showImageEffects":true,"showParticleSystems":true},"in2DMode":false,"pivot":{"x":7.115037441253662,"y":1.080487608909607,"z":7.951622009277344},"rotation":{"x":-0.02267465554177761,"y":-0.3627559542655945,"z":0.008828039281070233,"w":-0.9315664172172546},"size":10.4518404006958,"orthographic":false}