{"cameraMode":{"drawMode":0,"name":"Shaded","section":"Shading Mode"},"sceneLighting":true,"audioPlay":false,"sceneViewState":{"showFog":true,"showMaterialUpdate":true,"showSkybox":true,"showFlares":true,"showImageEffects":true,"showParticleSystems":true},"in2DMode":false,"pivot":{"x":-0.975049614906311,"y":0.8455929756164551,"z":0.07019281387329102},"rotation":{"x":-0.03623860329389572,"y":0.9597055912017822,"z":-0.14686064422130586,"w":-0.23682059347629548},"size":3.1700284481048586,"orthographic":false}