{"cameraMode":{"drawMode":0,"name":"Shaded","section":"Shading Mode"},"sceneLighting":false,"audioPlay":false,"sceneViewState":{"showFog":true,"showMaterialUpdate":true,"showSkybox":false,"showFlares":true,"showImageEffects":true,"showParticleSystems":true},"in2DMode":false,"pivot":{"x":548.2745361328125,"y":302.083984375,"z":-1439.61083984375},"rotation":{"x":0.20762494206428529,"y":-0.36001721024513247,"z":0.08252257853746414,"w":0.9057977199554443},"size":1813.9317626953125,"orthographic":false}