{"cameraMode":{"drawMode":0,"name":"Shaded","section":"Shading Mode"},"sceneLighting":false,"audioPlay":false,"sceneViewState":{"showFog":true,"showMaterialUpdate":true,"showSkybox":false,"showFlares":true,"showImageEffects":true,"showParticleSystems":true},"in2DMode":false,"pivot":{"x":-2.9802322387695315e-8,"y":0.49999988079071047,"z":-2.9802322387695315e-8},"rotation":{"x":0.041652318090200427,"y":0.6140738129615784,"z":-0.03247923403978348,"w":0.7874792814254761},"size":2.8578853607177736,"orthographic":false}