{"cameraMode":{"drawMode":0,"name":"Shaded","section":"Shading Mode"},"sceneLighting":true,"audioPlay":false,"sceneViewState":{"showFog":true,"showMaterialUpdate":true,"showSkybox":true,"showFlares":true,"showImageEffects":true,"showParticleSystems":true},"in2DMode":false,"pivot":{"x":-0.44839054346084597,"y":1.4083303213119507,"z":2.230957269668579},"rotation":{"x":-0.012230549938976765,"y":0.7452179193496704,"z":-0.013676046393811703,"w":-0.6665685772895813},"size":1.4059791564941407,"orthographic":false}