{"cameraMode":{"drawMode":0,"name":"Shaded","section":"Shading Mode"},"sceneLighting":true,"audioPlay":false,"sceneViewState":{"showFog":true,"showMaterialUpdate":true,"showSkybox":true,"showFlares":true,"showImageEffects":true,"showParticleSystems":true},"in2DMode":false,"pivot":{"x":-0.9046702980995178,"y":1.2631863355636597,"z":1.3242582082748414},"rotation":{"x":0.03225337341427803,"y":-0.9676206707954407,"z":0.16891878843307496,"w":0.18476030230522157},"size":1.1939910650253297,"orthographic":false}