{"cameraMode":{"drawMode":0,"name":"Shaded","section":"Shading Mode"},"sceneLighting":true,"audioPlay":false,"sceneViewState":{"showFog":true,"showMaterialUpdate":true,"showSkybox":true,"showFlares":true,"showImageEffects":true,"showParticleSystems":true},"in2DMode":false,"pivot":{"x":-2.1889050006866457,"y":0.28201210498809817,"z":1.8852860927581788},"rotation":{"x":-0.20315943658351899,"y":0.6298521161079407,"z":-0.17557193338871003,"w":-0.7288258075714111},"size":3.1700284481048586,"orthographic":false}