{"cameraMode":{"drawMode":0,"name":"Shaded","section":"Shading Mode"},"sceneLighting":true,"audioPlay":false,"sceneViewState":{"showFog":true,"showMaterialUpdate":true,"showSkybox":true,"showFlares":true,"showImageEffects":true,"showParticleSystems":true},"in2DMode":false,"pivot":{"x":0.4316243827342987,"y":1.7541289329528809,"z":3.1518218517303469},"rotation":{"x":0.22780314087867738,"y":-0.014743161387741566,"z":0.0034512835554778578,"w":0.9735895395278931},"size":0.8059791922569275,"orthographic":false}