{"cameraMode":{"drawMode":0,"name":"Shaded","section":"Shading Mode"},"sceneLighting":true,"audioPlay":false,"sceneViewState":{"showFog":true,"showMaterialUpdate":true,"showSkybox":true,"showFlares":true,"showImageEffects":true,"showParticleSystems":true},"in2DMode":false,"pivot":{"x":2.1291778087615969,"y":2.974050521850586,"z":0.9978464245796204},"rotation":{"x":0.12471450865268707,"y":-0.5704431533813477,"z":0.08815567940473557,"w":0.8070127367973328},"size":0.028579048812389375,"orthographic":false}