{"cameraMode":{"drawMode":0,"name":"Shaded","section":"Shading Mode"},"sceneLighting":false,"audioPlay":false,"sceneViewState":{"showFog":true,"showMaterialUpdate":true,"showSkybox":false,"showFlares":true,"showImageEffects":true,"showParticleSystems":true},"in2DMode":false,"pivot":{"x":580.0868530273438,"y":232.59376525878907,"z":176.68243408203126},"rotation":{"x":0.07821303606033325,"y":-0.0287217628210783,"z":0.002254296327009797,"w":0.9965203404426575},"size":1043.9058837890625,"orthographic":false}