{"cameraMode":{"drawMode":0,"name":"Shaded","section":"Shading Mode"},"sceneLighting":true,"audioPlay":false,"sceneViewState":{"showFog":true,"showMaterialUpdate":true,"showSkybox":true,"showFlares":true,"showImageEffects":true,"showParticleSystems":true},"in2DMode":false,"pivot":{"x":0.1899878978729248,"y":1.64877188205719,"z":5.905300617218018},"rotation":{"x":0.022830236703157426,"y":-0.03825414180755615,"z":0.0008754009613767266,"w":0.9990068078041077},"size":3.1700284481048586,"orthographic":false}