{"cameraMode":{"drawMode":0,"name":"Shaded","section":"Shading Mode"},"sceneLighting":true,"audioPlay":false,"sceneViewState":{"showFog":true,"showMaterialUpdate":true,"showSkybox":true,"showFlares":true,"showImageEffects":true,"showParticleSystems":true},"in2DMode":false,"pivot":{"x":1.9477328062057496,"y":1.586997628211975,"z":2.8765242099761965},"rotation":{"x":0.10324694216251373,"y":0.5237116813659668,"z":-0.06412718445062638,"w":0.843180775642395},"size":4.238462924957275,"orthographic":false}