{"cameraMode":{"drawMode":0,"name":"Shaded","section":"Shading Mode"},"sceneLighting":true,"audioPlay":false,"sceneViewState":{"showFog":true,"showMaterialUpdate":true,"showSkybox":true,"showFlares":true,"showImageEffects":true,"showParticleSystems":true},"in2DMode":false,"pivot":{"x":-0.2677904963493347,"y":1.9709868431091309,"z":2.433098793029785},"rotation":{"x":0.06923303008079529,"y":-0.7021352648735046,"z":0.06892351806163788,"w":0.7053101658821106},"size":0.8059791922569275,"orthographic":false}