{"cameraMode":{"drawMode":0,"name":"Shaded","section":"Shading Mode"},"sceneLighting":true,"audioPlay":false,"sceneViewState":{"showFog":true,"showMaterialUpdate":true,"showSkybox":true,"showFlares":true,"showImageEffects":true,"showParticleSystems":true},"in2DMode":false,"pivot":{"x":-2.331209659576416,"y":1.9592506885528565,"z":2.422503709793091},"rotation":{"x":0.05620993673801422,"y":0.4403069019317627,"z":0.0276322178542614,"w":-0.8956599831581116},"size":4.786750316619873,"orthographic":false}